frente,criterio,nota_0,nota_1,nota_2,nota_atual,evidencia,proxima_acao
Entidade,Nome profissional e identificação consistentes,ausente,parcial,consistente,,,
Entidade,CRP e qualificação apresentados quando aplicável,ausente,parcial,verificável,,,
Oferta,Serviço e modalidade compreensíveis,confuso,parcial,claros,,,
Oferta,Público/contexto descritos sem promessa taxativa,ausente,genérico,específico,,,
UX,Site utilizável no celular,quebra,limita,adequado,,,
UX,Navegação e hierarquia de páginas,confusa,parcial,clara,,,
SEO,Title description e H1 coerentes,ausentes,parciais,coerentes,,,
SEO,Canonical sitemap e robots consistentes,falham,parciais,consistentes,,,
SEO,Páginas por intenção real sem duplicação artificial,não,parcial,sim,,,
SEO,Links internos entre conteúdos relacionados,ausentes,poucos,estruturados,,,
Conteúdo,Responde dúvidas anteriores ao contato,não,pouco,sim,,,
Confiança,Sobre credenciais e limites verificáveis,ausentes,parciais,claros,,,
Prova,Cases/depoimentos com contexto e autorização,ausentes,frágeis,verificáveis,,,
Conversão,CTA principal claro,ausente,inconsistente,claro,,,
Conversão,Próximo passo coerente com a intenção da página,não,parcial,sim,,,
Dados,Origem página e CTA podem ser medidos,não,parcial,sim,,,
Dados,Clique separado de contato e conversão,não,parcial,sim,,,
Privacidade,Coleta mínima de dados,excessiva,parcial,mínima,,,
Privacidade,Política e finalidade de coleta compreensíveis,ausentes,parciais,claras,,,
Operação,Rotina de revisão atualização e monitoramento,não,ocasional,definida,,,
